205870,Ojo de Bife 1 Kg
205894,Milanesa de Peceto Novillito 1 Kg
205955,Chiquizuela Novillito 1 Kg
205979,Espinazo de Novillito 1 Kg
206020,Carnanza Comun de Novillo 1 Kg
206044,Falda Deshuesada Novillito Bandeja 1 Kg
206051,Carne Picada Comun 1 Kg
206105,Entraña de Novillito 1 Kg
206136,Bife Ancho de Novillito 1 Kg
206143,Rost Beef en Trozo de Novillito 1 Kg
206181,Palomita de Novillito 1 Kg
206198,Tortuguita Novillito 1 Kg
206235,Paleta en Trozo Novillito 1 Kg
206280,Milanesa Cuadrada de Novillito 1 Kg
206297,Milanesa de Nalga Novillito 1 Kg
206303,Milanesa Bola de Lomo 1 Kg
206310,Bife Angosto de Novillito 1 Kg
206334,Colita de Cuadril de Novillito 1 Kg
206358,Cuadril de Novillito 1 Kg
206693,Bife de Chorizo Ternera 1 Kg
206907,Falda de Ternera 1 Kg
216616,Azotillo de Ternera 1 Kg
221184,Salchichon Feteado Paladini 1 Kg
230407,Queso Senda en Sobre La Paulina 1 Kg
231688,Dulce de Zapallo Dulcor 1 Kg
274357,Queso Rallado Vea 1 Kg
279680,Bola de Lomo de Novillito en Bandeja 1 Kg
279703,Osobuco de Novillito 1 Kg
279710,Falda de Novillito 1 Kg
279734,Milanesa Cuadrada de Novillito en Bandeja 1 Kg
280037,Paleta de Novillito 1 Kg
280204,Colita de Cuadril Bandeja 1 Kg
280259,Costilla en Bandeja 1 Kg
286848,Milanesa de Nalga de Novillo en Bandeja 1 Kg
288132,Aguja con Hueso Bandeja 1 Kg
288989,Chorizo de Cerdo Carnevalli 1 Kg
289153,Morcilla con Cebolla Carnevalli 1 Kg
289177,Salchichas Fresca Carnevalli 1 Kg
630344,Pan Dulce con Frutas Cristal 400 Gr
896887,Chorizo Fresco Chacarero Frideza 1 Kg
1034448,Trapo de Piso Mil Usos 1 Un
1307504,Ketchup Rocket Up Side Down Pet Heinz 397 Gr
1312409,Ketchup Rocket Up Side Down Heinz 397 Gr
2077055,Queso Tybo Ramolac 1 Kg
2079714,Salame Tipo Milan Cagnoli 1 Kg
2130828,Pan Baguette 200 Gr
2130835,Pan Baguette con Salvado 200 Gr
2352312,Vacio Congelado 1 Kg
4016007,Confites Originales Skittles 61 Gr
4016205,Caramelos Masticables Wildberry Skittles 61 Gr
7933622,Confites Grape Strawberry Nerds 46.4 Gr
7935725,Confites Apple Lemonade Nerds 46.7 Gr
19005102,Chicle Frutilla y Fresa Arcor Poosh 1 Un
20336820,Condimento Balsamico Mazzetti 250 Ml
23529953,Dulce de Leche Castelmar 1 Kg
26031101,Bolsas Verdes 45x60 Cm Esteban 1 Un
27189368,Aceto Balsamico en Botella Mazzetti 250 Ml
30108417,Mascara para Pestañas Maybelline Volum Express 10 Gr
30108493,Mascara Pestañas Maybelline Volume 1 Un
30114326,Mascara para Pestañas Max Lash Negro Emolan 1 Un
40084107,Huevo de Chocolate Sorpresa Kinder 20 Gr
40122342,Mostaza Fuerte Khune 250 Ml
40122380,Mostaza con Hierbas Frasco Kuhne 250 Gr
40122526,Mostaza en Granos Frasco Kuhne 250 Gr
40786186,Cerveza Rubia Lowenbrau 330 Ml
40804927,Salsa Gourmet Steak Khune 250 Ml
40804934,Salsa Gourmet Mexico Pet Kuhne 250 Cc
40804996,Salsa Gourmet Gitana Khune 250 Ml
41007723,Cerveza Rubia en Lata Konig Pilsener 500 Ml
41024355,Cerveza Rubia en Lata Draft Bitburger 500 Ml
42096276,Desodorante Antitranspirante Mujer en Barra Nivea Comfort 43 Ml
42126560,Desodorante Atitranspirante Nivea Pearl & Beauty 43 Ml
42149996,Cerveza Rubia Porron Becks 330 Ml
42171850,Gel de Limpieza Exfoliante Nivea 75 Ml
42172536,Gel Limpieza Equilibrante Nivea Visage 150 Ml
42207573,Crema Nivea Soft 50 Ml
42211051,Tonico Nivea Desmaquillante de Ojos Bifasico 125 Cc
42231301,Desodorante Antitranspirante en Barra Nivea Sensitive Protect 43 Gr
42231486,Gel Exfoliante en Pomo Nivea Visage 75 Ml
42231509,Gel Limpiador Equilibrante en Pomo Nivea Visage 150 Gr
42269847,Desmaquillador de Ojos en Frasco Nivea Visage 125 Ml
42277132,Desmaquillador de Ojos Bifasico en Botella Nivea 125 Ml
42277705,Crema Facial Cuidado Radiante Nivea 50 Ml
42277712,Crema Facial Cuidado Radiante Nivea 100 Ml
42277842,Desodorante Antitranspirante en Barra Nivea Protect and Care 43 Gr
42300076,Crema Facial Cuidado Nivea 50 Ml
42300083,Crema Facial Cuidado Nivea 100 Ml
42333401,Crema Facial Cuidado Sensitive Nivea 50 Ml
42333418,Crema Facial Cuidado Sensitive Nivea 100 Ml
42345466,Crema de Manos Vainilla Nivea 75 Ml
42389422,Crema Cuidado Facial Nivea 200 Ml
57892054,Pate de Foie La Blanca 90 Gr
75001629,Cerveza Rubia Sol Lager 330 Cc
75002817,Cerveza Negra Negra Modelo 330 Cc
75024956,Desodorante Antitranspirante en Barra Men V8 Rexona 50 Gr
75026455,Desodorante Stick Nutritivo Rexona 50 Gr
75027513,Desodorante Original Dove 50 Gr
75027537,Desodorante Invisible Dry Dove 50 Gr
75030889,Cerveza Rubia Porron Corona 210 Ml
75031060,Desodorante en Barra Dove Clean Comfort 50 Gr
75031589,Cerveza Long Neck Negra Modelo 355 Cc
75032715,Cerveza Rubia Corona 335 Cc
75043308,Desodorante Apollo Stick en Barra Axe 54 Gr
75047849,Desodorante en Barra Antibacterial Mujer Rexona 50 Gr
75047856,Desodorante en Barra Antibact Hombre Rexona 50 Gr
75048099,Desdorante Stick Black en Barra Axe 54 Gr
75050849,Desodorante Roll On Powder Soft Dove 50 Ml
75051747,Desodorante Adrenaline Stick en Barra Axe 50 Gr
75058845,Desodorante Roll On Women Antibacterial Invisible Rexona 50 Ml
75058852,Desodorante Roll On Men Antibacterial Invisible Rexona 50 Ml
75062613,Espuma de Afeitar Sensitive Gillette 56 Gr
75063108,Desodorante Hipoalergenico Dove 50 Gr
75063115,Antitranspirante Roll On Renovador Dove 50 Ml
75063177,Antitraspirante Gold Antimarks Rollon Axe 50 Cc
75067038,Desodorante Stick Ap Ice Chill Axe 50 Gr
75067069,Antitranspirante Stick Sports Men Dove 50 Gr
75067373,Desodorante Clinical Classic Roll On Rexona 50 Ml
75067410,Desodorante Roll On Clinical Clean Rexona 50 Ml
75067946,Antitranspirante Roll On Original Clinical Dove 50 Cc
75068066,Desodorante en Roll On Matcha Dove 50 Ml
75068493,Desodorante Stip Ap Matcha Dove 50 Gr
75068677,Desodorante en Roll On Sport Men Rexona 50 Ml
75068684,Desodorante en Roll On Sport Men Rexona 50 Ml
75069209,Desodorante Sti Ap Sport Men Rexona 50 Gr
75069216,Desodorante Sti Ap Sport Rexona 50 Gr
76145513,Chocolate con Leche Toblerone 50 Gr
77900050,Manteca Ilolay 100 Gr
77900067,Manteca Extra Firme Ilolay 200 Gr
77900098,Repelente de Insectos Crema Off 90 Gr
77900104,Manteca Ilolay 500 Gr
77900111,Jabon Glicerina Neutro Nogaly 1 Un
77900296,Repelente de Insectos Crema Kids Off 90 Gr
77900302,Repelente Crema Off 60 Gr
77900319,Repelente Extra Duracion Active Off 90 Gr
77900470,Desodorante en Crema Noveltex 60 Gr
77900661,Sal Fina en Salero Celusal 100 Gr
77900739,Fideos Terrabusi Foratini 500 Gr
77900845,Galletitas Bañadas en Chocolate Relleno Limon Terrabusi Tita 18 Gr
77900951,Jabon Liquido Soft & White Nogaly 275 Ml
77901002,Flan Vainilla en Pote La Lacteo 1 Un
77901026,Insecticida Mata Hormigas Liquido Hortal 3 Un 750 Ml
77901095,Caramelos Strong Zero Menthoplus 27 Gr
77901378,Shampoo Crema Balance Sedal 10 Ml
77901651,Chicles Sabor Frutilla Beldent 10 Gr
77901729,Alfajor Negro Maxialfajor Jorgelin 2 Un
77902276,Bombon Frutilla Suelto Obli Bon 1 Un
77903426,Esponja con Fibra Celulosica Verde Virulana 1 Un
77903495,Alcohol en Gel Pocket Anime 25 Gr
77903501,Galletitas Obleas Rellena Opera 55 Gr
77903518,Galletitas Obleas Rellena Opera 92 Gr
77903532,Galletitas Amor Bagley 112 Gr
77903549,Galletitas Mellizas Bagley 112 Gr
77903617,Huevo de Pascuas decorado con Azucar Cannettine 50 Gr
77903778,Alfajor Triple Leche Milka 70 Gr
77903785,Alfajor Mousse Triple Milka 55 Gr
77903792,Alfajor Triple Dulce de Leche Terrabusi 70 Gr
77903860,Alfajor Triple Torta Terrabusi 70 Gr
77904331,Desodorante Antitranspirante Aero Antibacterial Rexona 56 Gr
77904607,Gelatina Shimy 110 Gr
77904744,Pastilla La Yapa 17 Gr
77905277,Caramelos Miel y Limon Halls 28 Gr
77905291,Caramelos Miel y Menthol Halls 28 Gr
77905321,Fideos al Huevo Tallarines Don Felipe 500 Gr
77905529,Jugo de Limon Minerva 250 Ml
77905734,Alfajores Frutados Jorgito 50 Gr
77905741,Alfajor con Baño de Chocolate Jorgito 55 Gr
77905758,Alfajores Blanco Jorgito 50 Gr
77905826,Turron de Mani Blando con Miel Cannettine 120 Gr
77906106,Whisky Los Criadores 195 Cc
77906373,Fideos Spaghetti Terrabusi 500 Gr
77906519,Desodorante Antitranspirante en Crema Noveltex 60 Gr
77907943,Caramelos Masticables Sabor Tuti Frutti Lenguetazo 13 Gr
77907967,Caramelos Masticables Frambuesa Stani Lenguetazo 13 Gr
77908193,Alfajor Negro Nevares 45 Gr
77908278,Licor de Menta Cusenier 200 Ml
77908308,Alfajor Tita 36 Gr
77908377,Licor de Cafe Cognac Cusenier 200 Ml
77908650,Crema Sapolan Dubarry 280 Cc
77908667,Sapolan Color Dubarry 280 Gr
77908704,Flan Dulce de Leche en Pote La Lacteo 130 Gr
77908827,Alfajor Negro Mogy 21 Gr
77908964,Galletita Amor Bagley 112 Gr
77910875,Caramelos Strong Menthoplus 30.6 Gr
77911551,Conejo de Pascua Rocklets 110 Gr
77912268,Alfajor Blanco Mogy 21 Gr
77912282,Galletitas Bañadas con Chocolate Oreo 17 Gr
77912374,Galletitas Bañadas con Chocolate Blanco Oreo 204 Gr
77912626,Chocolate con Leche Relleno con Frutilla Cadbury 27 Gr
77912718,Chocolate Mani Sapito Arcor 10 Gr
77913692,Licor de Dulce de Leche Tres Plumas 200 Cc
77914217,Tableta de Chocolate Shot 35 Gr
77914231,Emulsion Autobronceante Rayito de Sol 130 Gr
77915481,Alfajor con Chips Triple Pepitos 57 Gr
77915818,Barra de Cereales con Manzana Cereal Mix 23 Gr
77916105,Chocolate Milka Leger Leche 45 Gr
77916112,Chocolate Milka Leger Almendras 45 Gr
77916389,Chicles Fruta Top Line 6.7 Gr
77916396,Chicles Strong 6.7 Gr
77916419,Chicles Defense 6.7 Gr
77916426,Chicles Sabor Menta en Tableta 6.7 Gr
77916495,Alfajor Triple Oreo 55 Gr
77916501,Barra de Cereales Cereal Mix 23 Gr
77916525,Barra de Cereales con Chocolate Cereal Mix 23 Gr
77916969,Alfajores de Arroz Dulce de Leche Cachafaz 28 Gr
77917317,Caramelos Sabor Frutilla Halls 27 Gr
77917324,Caramelos Naranja Halls Vita C 27 Gr
77917393,Chocolate Frutilla Sapito 10 Gr
77917706,Chocolate con Mani Block Cofler 38 Gr
77917911,Chocolate sin Azucar Georgalos 30 Gr
77918543,Caramelos Sabor Menta Halls Free 20 Gr
77918765,Antitranspirante Go Fresh Dove 89 Gr
77919489,Chicles Sandia y Menta 6.7 Gr
77919496,Caramelos Sabor Tutti Frutti Lenguetazo Fiesta 13 Gr
77919540,Yogur Entero Frutilla Pote La Lacteo 160 Gr
77919564,Yogur Entero Durazno Pote La Lacteo 160 Gr
77920447,Jabon Hipoalergenico Nogaly 1 Un
77920454,Jabon Bebe Glicerina Neutro Nogaly 1 Un
77920461,Jabon Coco Nogaly 130 Gr
77920515,Pastillas Sabor Mentol y Eucaliptus Mentho Plus Arcor 30 Gr
77920539,Caramelos Duros Cereza Mentho Plus 30.6 Gr
77920577,Pastillas Sabor Miel Mentho Plus Arcor 30.6 Gr
77920676,Pastillas Sabor Menta Mentho Plus Arcor 30.6 Gr
77921000,Jabon Liquido Lirium Nogaly 275 Cc
77921031,Jabon Liquido Green Mist 275 Ml
77921048,Jabon Liquido Wild Roses Nogaly 270 Ml
77921246,Chicles sin Azucar Strong Tabletas 14 Gr
77922120,Chocolate con Mani Block Cofler 110 Gr
77922656,Caramelos Cereza Menthoplus 30.6 Gr
77922663,Caramelos Menthol Menthoplus 30.6 Gr
77922670,Caramelos Strong Menthoplus 9 Un
77922687,Caramelos Miel Menthoplus 30.6 Gr
77922694,Caramelos Sabor Menta Menthoplus 30.6 Gr
77923240,Cera Modeladora Capilatis 55 Ml
77923417,Crema Desodorante Rexona Odorono Pote 60 Cc
77923424,Desodorante Crema Odorante Rexona 60 Gr
77923462,Queso Untable con Finas Hierbas Ilolay 100 Gr
77924261,Caramelos Creamy Mora Halls 27 Gr
77924285,Caramelos Creamy Frutilla Halls 27 Gr
77924841,Desodorante Roll On Crystal Rexona 50 Ml
77925107,Huevo de Pascua Chocolate con Leche Italiana Cannettine 12 Gr
77925626,Alfajor Blanco Nevares 45 Gr
77925763,Bombon Negro Suelto Obli Bon 1 Un
77926494,Pañuelos Descartables Carrefour 1 Un
77927361,Bocadito de Dulce de Leche Light Vauquita 22 Gr
77927415,Crema para Calzado color Marron Claro en Lata Wassington 60 Gr
77928115,Alfajor Mini Torta Aguila 72 Gr
77928566,Desodorante Nutritive Roll On Rexona 50 Ml
77928672,Caramelos Sabor Berries Creamix Menthoplus 27.2
77928689,Caramelos Duros Sabor Frutilla Menthoplus 28.8 Gr
77928870,Chocolate Relleno con Dulce de Leche Sapito 10 Gr
77928894,Chocolate Sapito 10 Gr
77929235,Bocadito sin Banana con Chocolate Bananita Dolca 30 Gr
77929518,Cubanito Chocolate Oblita 5 Gr
77929525,Cubanito Marroc Oblita 5 Gr
77929624,Cubanito Relleno de Chocolate Blanco 6 Gr
77929648,Cubanito Relleno de Dulce de Leche 6 Gr
77929662,Bocadito de Marroc 10 Gr
77929686,Bocadito Dulce de Leche 10 Gr
77929693,Bocadito Dulce de Leche Blanco 10 Gr
77930002,Bombon Bon o Bon 17 Gr
77930019,Bombon Blanco Bon o Bon 1 Un
77930057,Alfajor de Mousse Cachafaz 60 Gr
77931276,Repelente Crema Extra Duracion Off 90 Gr
77931306,Turron sin Azucar Nucrem Georgalos 35 Gr
77931528,Chocolate para Taza Barrita Aguila 14 Gr
77931764,Chicles Seven X- plosive Mint 14 Gr
77932327,Chocolate en Barra Cofler Extra Coco 32 Gr
77932693,Chicles Seven Mandarina 14 Gr
77933928,Caramelos Duros Menta Lyptus Halls Free 28 Gr
77933997,Chicle Sabor Menta Beldent 10 Gr
77934000,Chicle Sabor Menta Fuerte Beldent 10 Gr
77934017,Chicles Beldent Tutti Frutti 10 Gr
77934024,Chicles Sabor Mentol Beldent 10 Gr
77934086,Chicles Beldent Mentol Turbo 10 Gr
77934499,Alfajor con Baño de Chocolate Cachafaz 60 Gr
77934505,Alfajor Blanco Cachafaz 60 Gr
77935007,Chocolate con Yogur Frutilla Cofler Light 28 Gr
77935144,Barra de Cereales con Yogur Vainilla Cereal Mix 28 Gr
77935274,Barra de Cereales con Frutilla Cereal Mix 28 Gr
77935830,Biscuits en Caja Soriano 50 Un 25 Gr
77935861,Shampoo Crema Balance Sedal 10 Ml
77936264,Barra de Cereales con Manzana Ser 23 Gr
77936271,Barra de Cereales con Frutilla Ser 23 Gr
77939234,Alfajor Clasico Terrabusi 50 Gr
77939425,Chococereal Brownie sin Azucar Georgalos 25 Gr
77939500,Huevo de Chocolate con Sorpresa Lei Kinder 20 Gr
77939753,Chicle Seven Strong 14.7 Gr
77940131,Turron Arcor 25 Gr
77940148,Turron Misky 25 Gr
77940230,Shampoo Ceramidas Sedal 10 Ml
77940247,Acondicionador Crema Balance Sedal 10 Ml
77940254,Shampoo Crema Balance Sedal 10 Ml
77940322,Gelatina Frutilla Shimy Sancor 110 Gr
77940339,Gelatina Manzana Shimy Sancor 110 Gr
77940704,Desodorante en Crema en Pote Odorono Rexona 60 Gr
77940810,Conejo de Pascuas Bon o Bon 50 Gr
77941145,Conejo Leche Bon o Bon 110 Gr
77941152,Conejo de Chocolate Blanco Bon O Bon 110 Gr
77941169,Conejo de Pascuas Rocklets 110 Gr
77941824,Desodorante en Aerosol Dove Original Comprimido 85 Ml
77941855,Desodorante en Aerosol Go Fresh Pepino Te Verde Dove 85 Ml
77941879,Desodorante Anititranspirante Roll On Sensitive Rexona 85 Ml
77941909,Desodorante Roll On Sensitive Rexona 50 Ml
77941923,Desodorante Antitranspirante Roll On Invisible Rexona 50 Gr
77941930,Desodorante Antitranspirante Roll On V8 Rexona 50 Ml
77942227,Desodorante Cotton Rexona 85 Ml
77942234,Antitraspirante Aerosol Powder Rexona Women 85 Gr
77942241,Desodorante Antitranspirante Comprimido Bamboo Woman Rexona 56 Gr
77942289,Desodorante Antitranspirante en Aerosol Rexona Active Emotion 85 Ml
77942333,Desodorante Antitranspirante Roll On Pepino y Te Verde Dove 50 Cc
77942340,Desodorante Antitranspirante Roll On Dermo Aclarant Dove 50 Ml
77942371,Chicles Sabor Menta Blister Beldent 10 Gr
77942388,Chicles Sabor Menta Blister Beldent 10 Gr
77942395,Chicles Mentol Blister Beldent 10 Gr
77942401,Chicles Mentol Turbo Blister Beldent 10 Gr
77942418,Chicles Sabor Menta Suave Beldent 10 Gr
77942630,Shampoo Ceramidas Sedal 10 Ml
77942647,Acondicionador Ceramidas Sedal 10 Ml
77942654,Shampoo Crema Balance Sedal 10 Ml
77942661,Acondicionador Crema Balance Sedal 10 Ml
77942722,Galletitas Frolitas Trio 40 Gr
77942937,Conejo de Pascuas Bon o Bon Blanco 50 Gr
77943064,Barra de Cereales con Frutilla y Chocolate Ser 28 Gr
77943446,chocolate en Rama Leche Bonafide 80 Gr
77944191,Alfajor Triple Bon o Bon 60 Gr
77944276,Chicles Globo Blister Beldent 10 Gr
77944344,Chicles Sabor Manzana Beldent 10 Gr
77944375,Alfajor Triple Negros con Dulce de Leche Tatin 60 Gr
77944382,Alfajor Triple Blancos con Dulce de Leche Tatin 60 Gr
77944405,Caramelos Menthoplus 27.2 Gr
77944412,Caramelos Acidos Naranja Menthoplus 27.2 Gr
77944511,Caramelos sin Azucar Sabor Pomelo Menthoplus 30.1 Gr
77944733,Caramelos Sabor Durazno Menthoplus 30.1 Gr
77944740,Barra Granola Cereal Mix 25 Gr
77944832,Licor de Melon Cusenier 200 Ml
77944849,Mix de Almendras y Pasas Zafran 28 Gr
77944856,Mix de Caju Arandanos y Curry Zafran 28 Gr
77944870,Mix de Frutos Secos y Salsa de Soja Zafran 28 Gr
77944900,Bombon de Chocolate con Leche Shot 12 Gr
77945075,Alfajor Mini Torta Sabor Coco Aguila 73 Gr
77945082,Alfajor Mini Torta Brownie Aguila 74 Gr
77945600,Chocolate con Extra Coco Cofler 32 Gr
77945624,Chocolate con Mani Cofler Extra 38 Gr
77945730,Barra Chocolate Cachafaz 14 Gr
77945747,Barra de Arroz Cachafaz 14 Gr
77946324,Caramelos Colors Halls 28 Gr
77946607,Conejo de Pascuas Rocklets 55 Gr
77946744,Bombones Cofler Block 18 Gr
77946805,Pastillas Crerry Menthoplus Free 26 Gr
77946812,Caramelos Duros Sabor Durazno Menthoplus 26.6 Gr
77946829,Caramelos Mentol Zero Menthoplus 26.6 Gr
77947505,Medallon de Menta Aguila 14 Gr
77947932,Shampoo Sedal Rest Inst X24Un X10Ml
77947963,Acondicionador Sedal Rest Inst X24Un X10Ml
77948496,Chicles Sabor Cereza Violet Cherry 14 Gr
77948588,Chicles Sabor Sandia 7 Un 14 Gr
77948595,Desodorante Antitranspirante Ultra Seco Plusbelle 50 Gr
77948618,Desodorante Antitranspirante Roll On Piel Sensible Plusbelle 50 Gr
77948625,Desodorante Antitranspirante Frescura Duradera Plusbelle 50 Gr
77949035,Chocolate Blanco Cofler Air 30 Gr
77949059,Chocolate Mixto Cofler Air 27 Gr
77949080,Chocolate con Leche Cofler Air 30 Gr
77949110,Desodorante Antitranspirante Aerosol Antibacterial Rexona Fresh 56 Gr
77949608,Chicles Sabor Frutilla Limon Mashup Beldent 10 Gr
77949677,Tableta de Chocolate con Leche Kinder 50 Gr
77949684,Barra de Chocolate Mixto Autos y Hadas Kinder 4 Un
77949691,Tableta de Chocolate con Leche Kinder 50 Gr
77949707,Tableta de Chocolate Relleno Kinder 100 Gr
77949714,Barra de Chocolate Mixto Autos y Hadas Kinder 8 Un
77949721,Chocolate Relleno Kinder 100 Gr
77950031,Chocolate con Mani Block Cofler 110 Gr
77950192,Bocadito Bananita Sapito 10 Gr
77951113,Chicles Seven Frutilla 14.7 Gr
77951694,Gelatina Manzana Shimy 110 Gr
77951724,Barra de Cerealcon Yogur de Frutilla Cereal Mix Pack 2 Un
77952455,Caramelos Acidos Manzana Menthoplus 27.2 Gr
77953063,Postre Dulce de Leche Danette Pack 2 Un 190 Gr
77953070,Postre Chocolate Danette Pack 2 Un 190 Gr
77953124,Chocolate con Mani Cofler Block 38 Gr
77953537,Bon O Bon Aguila 15 Gr
77954107,Deosodorante For Women Aerosol Antibacterial I Comp Rexona 53 Gr
77954725,Crema Sapolan Dubarry 200 Cc
77954930,Huevo Kinder Sorpresa Star Wars 20 Gr
77954978,Cera para Pelo y Barba Capilatis 55 Gr
77955111,Caramelos sin Azucar Sabor Cafe Latte Menthoplus 28 Gr
77955159,Barra de Almendra y Coco Zafran 28 Gr
77955166,Barra de Mani y Cacao Zafran 28 Gr
77955173,Barra de Manzana y Chia Zafran 28 Gr
77955197,Barra de Caju y Semillas de Zapallo Zafran 28 Gr
77955821,Chocolate de Taza 60 % Cacao Aguila 14 Gr
77955838,Chocolate Cofler Extra Bon O Bon 30 Gr
77956262,Sal Fina en Salero Celusal 250 Gr
77956279,Sal Fina Light en Salero Celusal 250 Gr
77956378,Huevo de Pascua Relleno de Confites Rocklets 30 Gr
77956545,Mix de Almendras y Mani Picante Zafran 28 Gr
77956699,Alfajor Triple Trishot 60 Gr
77956712,Bombon de Chocolate con Chocolinas Bon O Bon 15 Gr
77957443,Huevo con Sorpresa Toy Story 22 Gr
77958471,Repelente en Crema Fuyi 60 Gr
77958532,Caramelos Limon Vitamin Menthoplus 1 Un
77958549,Caramelos Frutilla Menthoplus Vitamin 28 Gr
77958563,Chocolatin Negro Arcor 8 Gr
77958570,Chocolatin Blanco Arcor 8 Gr
77958594,Chocolate Blanco Bon o Bon 15 Gr
77958600,Queso Crema Casancrem Light 200 Gr
77958617,Queso Crema Casancrem 200 Gr
77958624,Caramelo Mentol Menthoplus 1 Un
77958631,Caramelos Cherry Menthoplus 30.6 Gr
77958648,Caramelo Strong Menthoplus 1 Un
77958655,Caramelos Miel Menthoplus 1 Un
77958662,Caramelo Menta Menthoplus 1 Un
77958921,Bombon Chocolate con Leche Relleno Bon O Bon 16 Gr
77958945,Pomada para Zapatos Negro en Lata Wassington 60 Gr
77958952,Pomada para Zapatos Marron en Lata Wassington 60 Gr
77958969,Pomada para Zapatos Inocolora en Lata Wassington 60 Cc
77959041,Bombon de Leche Hamlet 1 Un
77959508,Chicles sin Azucar Menta Tabletas 6 Gr
77959539,Chicles sin Azucar Fruta Tabletas 6 Gr
77960641,Alfajor Leche Bon o Bon 40 Gr
77960825,Alfajor Blanco Bon o Bon 40 Gr
77961303,Sapito Carita 13 Gr
77961419,Chocolate de Leche Tortuguita Arcor 20 Gr
77961471,Chocolate Rockleton 14 Gr
77961631,Antitraspirante Femenino Roll On Care Plusbelle 50 Ml
77961648,Antitraspirante Femenino Roll On Fresh Plusbelle 50 Ml
77961655,Antitraspirante Femenino Roll On Dry Plusbelle 50 Ml
77961709,Galletitas de Avena
77961716,Galletitas de Avena
77961730,Galletitas de Cacao
77961815,Bombones de Chocolate Blanco Bon O Bon 15 Gr
77962188,Turron con Yogur Frutilla Arcor 25 Gr
77962560,Bombones Mousse de Limon Bon O Bon 16 Gr
77962706,Flan Vainilla Sancorito 110 Gr
77962898,Biscuits con Baño de Chocolate Soriano 180 Gr
77962959,Flan con Caramelo Vainilla Sancorito 110 Gr
77964137,Chicle Seven Menthol Topline 14 Gr
77964564,Caramelos 2 Mentol Menthoplus 28 Gr
77965233,Semillas de Girasol Pipas 18 Gr
77965295,Turron Fuente Fibras Arcor 25 Gr
77965349,Chocolate Huevo con Sorpresa Kinder 48 Un
77965363,Pastillas de Menta Fuerte Intersec Mint Tic Tac 16 Gr
77965370,Barra de Cereal con Yogurt Frutilla Cereal Mix Light 26 Gr
77965387,Cereal en Barra con Yoghurt Frutilla Cereal Mix 26 Gr
77965394,Barrita de Careal Yogurt Vainilla Mix Arcor 28 Gr
77965424,Barra de Cereal Proteica Yogur Frutilla Cereal Mix 26 Gr
77965431,Barra de Cereal Frutos Secos Cereal Mix 21 Gr
77965691,Caramelo sin Azucar Sandia Menthoplus 26.6 Gr
77965929,Flan Vainilla Danet 95 Gr
77967633,Postre de Chocolate Danet 95 Gr
77967640,Postre de Dulce de Leche Danet 95 Gr
77967657,Postre de Crema Americana Danet 95 Gr
77968852,Gelatina Frutilla Serenito 105 Gr
77968869,Gelatina Frambuesa Serenito 105 Gr
77969903,Galletitas Dulces con Chips Turimar 36 Un 5.4 Kg
77970701,Tableta de Chocolate sin Azucar sin TACC Mapsa 100 Gr
77971340,Tableta de Chocolate con Mani Biznikke 30 Gr
77972279,Chocolate Relleno de Leche Tofi 15 Gr
77972736,Caramelos Power Citrus Menthoplus 30 Gr
77974631,Tableta de Chocolate con Dulce de Leche Tofi 28 Gr
77974648,Chocolate Blanco Tofi 27 Gr
77976109,Tableta de Dulce de Leche Vauquita Tableta 25 Gr
77980212,Alfajor con Baño de Chocolate Blanco Guaymallen 38 Gr
77980229,Alfajor con Baño de Chocolate Guaymallen 38 Gr
77980267,Alfajor Triple Blanco Guaymallen 70 Gr
77980274,Alfajor Triple Negro Guaymallen 70 Gr
77984395,Barra de Cereal Cereal Mix Pasion de Chocolate 26 Gr
77988058,Levadura Golondrina 50 Gr
77990105,Licor Seco Tres Plumas 200 Cc
77990112,Cafe al Coñac Tres Plumas 200 Cc
77990327,Conitos Cachafaz 1 Un
77990785,Vino Tinto Calfulen 750 Ml
77991430,Chocolate Biznikke Nevado 28 Gr
77991775,Pasta Espinaca Terrabusi 500 Gr
77991829,Piña Colada American Club 200 Cc
77991867,Tequila Conquistador de Mexico 200 Cc
77991874,Cafe al Chocolate Tres Plumas 200 Cc
77991904,Cafe al Whisky Tres Plumas 200 Cc
77991911,Cafe al Ron Tres Plumas 200 Cc
77992246,Licor de Chocolate Tres Plumas 200 Cc
77992512,Caballa al Natural La Banda 425 Gr
77995407,Barra de Cereales Light con Yogur Frutilla y Fresa Cereal Mix 28 Gr
77995513,Chocolate con Extra Menta Cofler 30 Gr
77995681,Obleas Bañadas de Chocolate Rhodesia 22 Gr
77999870,Turron de Mani Cannettine 80 Gr
78006805,Desodorante Barra Ap Sensitive Rexona 50 Gr
78009226,Desodorante Dove Original Bar 50 Gr
78600010,Pastillas Tic Tac Menta Caja 16 Gr
78600027,Pastillas Tic Tac Naranja Caja 16 Gr
78602731,Huevo de Chocolate con Sorpresa Kinder 20 Gr
78605039,Pastillas Cereza Tic Tac 16 Gr
78605831,Pastillas Tic Tac Dupla de Frutilla Tic Tac 16 Gr
78606234,Pastillas Tic Tac Menta 16 Gr
78909434,Bombones Chocolate Avellana Ferrero Rocher 37.5 Gr
78912359,Chocolate con Leche Baton 16 Gr
78912366,Chocolate Blanco Baton 16 Gr
78914407,Desodorante Dove Roll On 50 Gr
78916401,Caramelos Masticables Fruta Mentos 29.7 Gr
78916418,Caramelos Masticables Menta Mentos 29.7 Gr
78921030,Desodorante Roll On Rexona 50 Gr
78921733,Deo Antitraspirante Dove Invisible en Roll on 50 Ml
78923355,Desodorante Roll On Women Nutritive Rexona 50 Ml
78923423,Desodorante Roll On Sensitive Men Rexona 50 Ml
78923454,Desodorante Roll On Men V8 Rexona 50 Ml
78924321,Desodorante Antitranspirante Roll On Rexona Women Crystal 50 Cc
78924352,Desodorante Roll On Cotton Rexona 50 Cc
78924468,Desodorante Antitranspirante Roll On Original Dove 50 Ml
78924512,Roll On Go Fresh Pepino Dove 50 Ml
78924529,Desodorante Roll On Invisible Dove 50 Ml
78925281,Caramelos Masticables Frutilla Mentos 29.7 Gr
78925472,Desodorante Roll On Men Invisible Rexona 50 Ml
78925519,Desodorante Antitranspirante Roll On Dove Men Extra 50 Cc
78926523,Desodorante Roll on Active Emotion Rexona 50 Ml
78927254,Desodorante Roll On Clean Dove 50 Ml
78928503,Desodorante Antitranspirante Roll On DoveDermoclarant 50 Ml
78930650,Caramelos Magic Mentos 29.7 Gr
78931053,Huevo de Pascua con Sorpresa en Caja Kinder 20 Gr
78933354,Desodorante Antitranspirante Roll On Dove Men Invisible Dry 50 Cc
78934146,Desodorante Roll On Women Antibacterial Rexona 50 Cc
78935068,Desodorante Roll On Gofresh Granada Dove 50 Ml
78937697,Desodorante Antitranspirante a Roll on Pera y Aloe Vera Dove 50 Cc
78938533,Pastillas Frutos Rojos Tic Tac 16 Gr
78938991,Antitranspirante Roll On Invisible Care Dove 50 Ml
79804974,Papel Higienico Linea Economica Gamuza 6 Un
79854542,Pan Arabe Blanco Alijor 5 Un
80042532,Extracto Doble de Tomate Mutti 130 Gr
80042556,Tomate Cubeteado Mutti 400 Gr
80042563,Salsa de Tomate Passata Mutti 700 Gr
80050094,Tableta de Chocolate Maxi Kinder 21 Gr
80050315,Tableta de Chocolate Kinder 12.5 Gr
80052487,Bombones con Coco y Almendras Raffaello 30 Gr
80052760,Tableta de Chocolate Kinder Bueno 43 Gr
80053811,Aceite de Oliva Extra Virgen Monini 250 Ml
80054627,Aceto Balsamico en Botella Monini 500 Ml
80054634,Aceto Balsamico en Botella Monini 500 Ml
80177609,Chocolate con Leche en Caja Kinder 50 Gr
80177616,Tableta de Chocolate Kinder Relleno 100 Gr
80220718,Licor de Naranja Strega 700 Cc
80273332,Peperoncino Drogheria Alimentari 15 Gr
80273561,Pimienta Negra con Molinillo Drogheria y Alimentari 45 Gr
80273578,Pimienta Blanca con Molinillo Drogheria y Alimentari 45 Gr
80273585,Pimienta Verde con Molinillo Drogheria y Alimentari 15 Gr
80273592,Pimienta 4 Colores con Molinillo Drogheria y Alimentari 35 Gr
80273639,Sal Marina en Frasco con Molinillo Drogheria y Alimentari 90 Gr
80273677,Aji Peperoncino Drogheria 20 Gr
80330370,Pesto en Aceite de Oliva Colavita 130 Gr
80357711,Aceto Balsamico en Botella Monini 500 Ml
80479116,Alcaparras en Vinagre Colavita 150 Gr
80479130,Pesto Rojo en Aceite de Oliva Colavita 130 Gr
80508878,Aceite de Oliva Alba Monini 250 Cc
80724353,Corazon de Alcaucil en Hierbas Ponti 280 Gr
80725442,Berenjenas Grilladas Ponti 280 Gr
80761761,Chocolate Bueno White Kinder 39 Gr 1 Un
87167016,Cerveza Rubia Porron Grolsch 450 Ml
87167474,Cerveza Rubia Grolsch 330 Ml
89819845,Bolsa Ecologica Comodin 45 40 Cm 1 Un
90415418,Energizante Light Sugarfree Red Bull 250 Ml
93302043,Cerveza Negra Best Extra Stout Coopers 375 Ml
93302074,Cerveza Rubia Sparkling Ale en Porron Coopers 375 Cc
120620096,Dulce de Leche Repostero Mayol 500 Gr
190500106,Chicle Sabor Tutti Frutti Poosh 1 Un
201220092,Papel Film 1 Un
250820090,Bolsas de Consorcio 80x100 Cm El Gigante 10 Un
400841074,Huevos de Chocolate Kinder Sorpresa 1 Un
407861860,Cerveza Original Porron Lowenbrau 330 Ml
408211220,Cerveza Kapuziner Weissbier Naturtrub 500 Ml
421499964,Cerveza Becks 275 Ml
422212340,Cerveza Gold Beck's 330 Ml
750016290,Cerveza Porron Sol 330 Ml
750308890,Cerveza Porron Coronita 210 Ml
750315898,Cerveza Negra Modelo 355 Ml
750327150,Cerveza Corona 355 Cc
750508498,Antitranspirante Roll OnPowder Soft Dove 50 Ml
750588452,Desodorante Bolilla Antibacterial Invisible Rexona Women 50 Ml
750588520,Desodorante Bolilla Antibacterial Invisible Rexona Men 50 Ml
750626130,Espuma de Afeitar Piel Sensible Gillette 57 Ml
773082074,Cerveza Zillertal 330 Ml
779000508,Manteca Ilolay 100 Gr
779000676,Manteca Ilolay 200 Gr
779000980,Repelente Crema Off! Kids 90 Gr
779002960,Repelente Crema Off! Kids 90 Gr
779008450,Oblea Tita 18 Gr
779009204,Postre de Frutilla Danonino 90 Gr
779016516,Chicles Frutilla Beldent 7 Un
779023446,Caramelos Sprite Menthoplus 1 Un
779034954,Galletitas Merengadas Bagley 93 Gr
779035180,Galletitas Opera Bagley 92 Gr
779037788,Alfajor Triple Dulce de Leche Milka 70 Gr
779037856,Alfajor Triple Mousse Milka 55 Gr
779037924,Alfajor Triple Terrabusi 70 Gr
779038600,Alfajor Triple Torta Terrabusi 70 Gr
779043314,Desodorante Aerosol Antitranspirante Antibacteriano Rexona Women 85 Ml
779052774,Caramelos de Miel Halls 25.2 Gr
779052910,Caramelos de Miel Halls 28 Gr
779053214,Tallarines al Huevo Don Felipe 500 Gr
779061066,Whisky Añejo Criadores 195 Ml
779079436,Masticable Lenguetazo Fiesta 13 Gr
779081620,Tallarines con Calabaza Don Felipe 500 Gr
779081798,Tallarines con Albahaca Don Felipe 500 Gr
779083846,Anticeptico Liquido Espadol 125 Ml
779090158,Barra de Cereal Nutri Cereal Fort 21 Gr
779090608,Barra de Cereal Dulce de Leche Cereal Fort 22 Gr
779090844,Barra de Cereal Damasco y Salvado Cereal Fort 23 Gr
779091216,Barra de Cereal Naranja Y Avena Tostada Cereal Fort 23 Gr
779098000,Fideos Bavetas Terrabusi 500 Gr
779099236,Alfajor Chocolate Turimar 38 Gr
779100802,Alfajor Triple Chocolate Turimar 60 Gr
779102578,Chocolate Relleno con Dulce De Leche Vauquita 35 Gr
779104008,Alfarroz Limon Lulemuu 27 Gr
779105098,Alfarroz Marroc Lulemuu 27 Gr
779105166,Alfajor de Arroz Mousse Blanco Lulemuu 27 Gr
779110184,Alfajor Triple Blanco Turimar 60 Gr
779142178,Chocolate con Mani Shot 35 Gr
779153686,Barra de Cereal Durazno Cereal Mix Light 23 Gr
779154812,Alfajor Triple Pepitos 57 Gr
779158186,Barra de Cereal Manzana Cereal Mix 23 Gr
779163890,Chicle Fruta Top Line 4 Un
779163968,Chicle Strong Top Line 4 Un
779164194,Chicle Top Line Defense 4 Un
779164262,Chicle Menta Top Line 4 Un
779164576,Chicle Mentol Top Line 4 Un
779164958,Alfajor Trilogia Oreo 55 Gr
779165016,Barra de Cereal Original Cereal Mix 23 Gr
779165252,Barra de Cereal Chocolate y Almendra Cereal Mix 23 Gr
779173172,Caramelos de Frutilla Halls 25.2 Gr
779173240,Caramelos de Naranja Halls 25.2 Gr
779178504,Barra con Chocolate Rally Cofler 38 Gr
779185434,Caramelos Free Menta Halls 20 Gr
779193118,Barra de Arroz Semillas + Mousse Blanco Lulemuu 3 Un
779206764,Caramelos Menthoplus 23 Gr
779221200,Chocolate Cofler Block 110 Gr
779222672,Caramelos Duros Refresco 38 Gr
779226564,Caramelos Cereza Menthoplus 1 Un
779226632,Caramelos Mentol Menthoplus 1 Un
779226700,Caramelos Strong Menthoplus 1 Un
779226878,Caramelos Miel Menthoplus 1 Un
779226946,Caramelos Menta Menthoplus 1 Un
779227004,Caramelos Limon Menthoplus 1 Un
779227172,Caramelos Tropical con Vitamina C Menthoplus 1 Un
779227240,Caramelos Citrus con Vitamina C Menthoplus 1 Un
779227318,Caramelos Berry con Vitamina C Menthoplus 1 Un
779242618,Caramelos Creamy Mora Halls 28 Gr
779242854,Caramelos Creamy Frutilla Halls 28 Gr
779248412,Desodorante Bolilla Antitranspirante Crystal Rexona Women 50 Ml
779273612,Tableta de Dulce de Leche Suave Vauquita 22 Gr
779279898,Caramelos sin Azucar Lima Limon Menthoplus 1 Un
779285660,Desodorante Bolilla Antitranspirante Nutritive Rexona Women 50 Ml
779290756,Chicle Tutti Frutti Poosh 1 Un
779290824,Chicle de Menta Poosh 1 Un
779290992,Chicle Frutilla Poosh 1 Un
779297236,Chicle Uva Poosh 1 Un
779300028,Chocolate Bon O Bon 17 Gr
779300196,Chocolate Blanco Bon O Bon 17 Gr
779301490,Chicle Sprite Zero Top Line 6.7 Gr
779301704,Chicle Frutilla Fizz Poosh 1 Un
779317644,Chicle Mint Top Line Seven X-Plosive 14 Gr
779319624,Chicle Lemon Top Line Seven Dynamite 14 Gr
779321368,Barra de Mani Chocolate Bon O Bon 35 Gr
779323034,Barra de Mani Bon O Bon 35 Gr
779323102,Chocolate Extra Mani Cofler 46 Gr
779323270,Chocolate Extra Coco Cofler 40 Gr
779323348,Chocolate Extra Crocante Cofler 38 Gr
779326936,Chicle Mandarina Top Line Seven Blowing 14 Gr
779339288,Caramelos de Menta Halls 25.2 Gr
779345678,Chocolate Suave Bon O Bon 17 Gr
779350078,Chocolate Yoghurt Frutilla Light Cofler 27 Gr
779351440,Barra de Cereal Yogur Vainilla Cereal Mix 28 Gr
779352744,Barra de Cereal Yogur Frutilla Fresa Cereal Mix 28 Gr
779354656,Chicle Top Line Change 4 Un
779361340,Chicle Next Mint Top Line 4 Un
779367212,Caramelos Blue Menthoplus2 1 Un
779367458,Caramelos Red Menthoplus2 1 Un
779367526,Caramelos Black Menthoplus2 1 Un
779379888,Barra de Cereal Coco y Chocolate Cereal Mix 26 Gr
779384288,Chocolate Con Leche Ben 10 Cereal Milk 21 Gr
779392344,Alfajor de Chocolate Terrabusi 50 Gr
779396922,Caramelos Blueberry Menthoplus 1 Un
779397080,Caramelos Mandarina Menthoplus 1 Un
779397158,Caramelos Strawberry Menthoplus 1 Un
779398902,Desodorante Roll On Basic Care Plusbelle 50 Ml
779399060,Desodorante Roll On Nutritive Care Plusbelle 50 Ml
779399138,Desodorante Roll On Soft Care Plusbelle 50 Ml
779399206,Desodorante Roll On Calm Care Plusbelle 50 Ml
779401176,Chicle Naranja Menta Top Line 4 Un
779401244,Chicle Manzana Menta Top Line 4 Un
779407048,Desodorante en Crema Odorono Rexona 60 Gr
779408106,Conejito de Leche Bon O Bon 50 Gr
779411458,Conejito de Chocolate con Leche Bon O Bon 110 Gr
779411526,Conejito de Chocolate Blanco Bon O Bon 110 Gr
779411694,Conejito de Chocolate Rocklets 100 Gr
779418242,Antitranspirante en Aerosol Original Dove 85 Ml
779418556,Antitranspirante en Aerosol Go Fresh Pepino y Te Verde Dove 85 Ml
779418792,Antitranspirante en Aerosol Invisible Dry Dove 85 Ml
779419096,Desodorante Anti Transpirante Bolilla Sensitive Rexona Men 50 Ml
779419232,Desodorante Anti Transpirante Bolilla Invisible Rexona Men 50 Ml
779419300,Desodorante Anti Transpirante Bolilla V8 Rexona Men 50 Ml
779423338,Antitranspirante Roll On Pepino y Te Verde Go Fresh Dove 50 Ml
779423406,Antitranspirante Roll On Dermo Aclarante Dove Dove 50 Ml
779423710,Chicle Menta Beldent 10 Gr
779423888,Chicle Menta Fuerte Beldent 10 Gr
779423956,Chicle Mentol Beldent 10 Gr
779424014,Chicle Mentol Turbo Beldent 10 Gr
779424182,Chicle Menta Suave Beldent 10 Gr
779429378,Conejito de Chocolate Bon O Bon 50 Gr
779440304,Barra de Cereal Granola con Chocolate Cereal Mix 30 Gr
779442766,Chicle Globo Beldent 10 Gr
779447402,Barra de Cereal Granola Cereal Mix 25 Gr
779454950,Alfajor Yogur y Vainilla Lulemuu 26 Gr
779456008,Chocolate Extra Coco Cofler 32 Gr
779456244,Chocolate Extra Mani Cofler 38 Gr
779466076,Conejito de Chocolate Rocklets 55 Gr
779468056,Caramelos sin Azucar Cherry Menthoplus 1 Un
779468124,Caramelos sin Azucar Durazno Menthoplus 1 Un
779468292,Caramelos sin Azucar Mentol Menthoplus 1 Un
779468360,Caramelos sin Azucar Pomelo Menthoplus 1 Un
779485954,Antitraspirante Invisible Argan y Almendra 5 Plusbelle 50 Ml
779486012,Antitranspirante Invisible Sedosa Plusbelle 50 Ml
779486180,Antitranspirante Invisible Calendula Plusbelle 50 Ml
779486258,Antitranspirante Frescura Duradera Plusbelle 50 Ml
779486326,Antitranspirante Piel Joven Plusbelle 50 Ml
779490354,Chocolate Blanco Aireado Cofler 30 Gr
779490590,Chocolate Blanco y Leche Aireado Cofler 30 Gr
779490804,Chocolate Leche Aireado Cofler 30 Gr
779491108,Desodorante Antibacterial Fresh Rexona 85 Ml
779492334,Cubanito Relleno con Chocolate con Leche Cofler 1 Un
779493492,Cubanito Relleno con Chocolate Semiamargo Cofler 1 Un
779495922,Chicle Uva y Lima Beldent 10 Gr
779500312,Chocolate Cofler Block 110 Gr
779530494,Chocolate Extra Chocolatado Cofler 35 Gr
779530630,Crema Dulce Leche Danette 190 Gr
779530708,Crema Chocolate Danette 190 Gr
779531248,Chocolate Cofler Block 38 Gr
779561184,Chicle Citrus Mix Beldent 10 Gr
779562792,Sal Fina Light Salero Celusal 250 Gr
779563782,Huevo de Chocolate con Leche Rocklets 30 Gr
779564154,Bocadito de Dulce de Leche Mix Semillas Vauquita 40 Gr
779566998,Alfajor Triple Shot 60 Gr
779582288,Cubanitos de Arroz Relleno de Avellana Lulemuu 15 Gr
779585630,Chocolatin Negro Arcor 8 Gr
779585708,Chocolatin Blanco Arcor 8 Gr
779588396,Conejito de Chocolte con Leche Bon O Bon 20 Gr
779614194,Tortuguita Chocolate Arcor 17.5 Gr
779616310,Desodorante Roll-On Plusbelle Care 50 Ml
779616556,Desodorante Roll-On Plusbelle Invisible Care 50 Ml
779618604,Tortuguita Chocolate Blanco Arcor 17.50 Gr
779618840,Cubanitos de Arroz Relleno de Crema de Mani Lulemuu 15 Gr
779629594,Flan Sancorito Vainilla Sancor 110 Gr
779659294,Flan Vainilla + Caramelo Danette 95 Gr
779673818,Caramelos Pera Menthoplus 1 Un
779676406,Postre Dulce de Leche Danette 95 Gr
779676574,Postre Crema Americana Danette 95 Gr
779688522,Gelatina Sabor Frambuesa Serenito 105 Gr
779688690,Gelatina Sabor Frutilla Serenito 105 Gr
779699030,Galletitas con Chips Turimar 150 Gr
779706578,Cubanitos Sabor Limon Arcor 16 Gr
779727368,Caramelos Citrus Menthoplus Powerade 1 Un 24.8 Gr
779727436,Caramelos Mountain Menthoplus Powerade 1 Un 24.8 Gr
779730160,Caramelos Daikiri Menthoplus 1 Un
779730238,Caramelos Mojito Menthoplus 1 Un
779746314,Chocolate de Leche Tofi 28 Gr
779746550,Chocolate Tofi Light 28 Gr
779761096,Tableta de Dulce de Leche Vauquita 25 Gr
779802676,Alfajor Triple Blanco Guaymallen 3 Un 70 Gr
779802744,Alfajor Triple Chocolate Guaymallen 3 Un 70 Gr
779843952,Barra de Cereal Pasion de Chocolate Cereal Mix 26 Gr
779863066,Chocolate Bon O Bon 17 Gr
779901126,Cafe al Coñac Tres Plumas 200 Ml
779917752,Tallarines con Espinaca Don Felipe 500 Gr
779919732,Repelente Crema Family Off! 60 Gr
779933110,Chocolate con Leche y Mani Cannettine 25 Gr
779954078,Barra de Cereal Yogur Light Frutilla Fresas Cereal Mix 28 Gr
779954528,Huevitos Ben 10 22 Gr
779955136,Chocolate Extra Menta Cofler 30 Gr
779956812,Oblea Rellena Rhodesia 22 Gr
786000102,Pastillas Menta Tic Tac 16 Gr
789233552,Desodorante Bolilla Antitranspirante Nutritive Rexona Women 50 Ml
789234238,Desodorante Anti Transpirante Bolilla Sensitive Rexona Men 50 Ml
789234542,Desodorante Bolilla V8 Rexona Men 50 Ml
789243216,Desodorante Bolilla Invisible Rexona Women 50 Ml
789243520,Desodorante Femenino Bolilla Antitranspirante Cotton Rexona 50 Ml
789243834,Desodorante Bolilla Antitranspirante Sin Perfume Rexona Women 50 Ml
789244688,Antitranspirante Roll On Clasico Dove 50 Ml
789245296,Antitranspirante Roll On Invisible Dry Dove 50 Ml
789254724,Desodorante Anti Transpirante Bolilla Invisible Rexona Men 50 Ml
789255196,Antitranspirante Roll On Men Extra Fresh Dove 50 Ml
789265232,Desodorante Femenino Bolilla Active Emotion Rexona 50 Ml
789272544,Antitranspirante Roll On Men Clean Comfor Dove 50 Ml
789285032,Antitranspirante Roll On Dermo Aclarante Dove 50 Ml
789292412,Antitranspirante Roll On Beauty Finish Dove 50 Ml
789293198,Antitranspirante Roll On Men Energy Dry Dove 50 Ml
789315968,Antitranspirante Roll On Pure Dove 50 Ml
789333542,Antitranspirante Roll On Men Invisible Dry Dove 50 Ml
789341394,Desodorante Antibacterial Rexona Men 50 Ml
789341462,Desodorante Femenino Bolilla Antibacterial Rexona 50 Ml
789376976,Antitranspirante Roll On Pera & Aloe Dove 50 Ml
871670166,Cerveza Porron Grolsch 450 Ml
904154182,Energizante Sugar Free Red Bull 250 Ml
1900500102,Chicle Sabor Menta Poosh 1 Un
5030480013,Arroz Parbolizado 00000 Dos Hermanos 1 Kg
5289925440,Gin Original Gordons 700 Ml
7050105105,Toallitas Desmaquillantes para Piel Sensible Neutrogena 25 Un
7920033927,Caramelos Waterm Cherry Nerds 2 Un 94 Gr
7920035723,Caramelos Apple y WaterMelon Nerds 93.4 Gr
8048050544,Ron 8 Años Bacardi 750 Cc
9712244634,Galletas Crackers Zara Ferraris 200 Gr
11210000018,Salsa Picante Original Tabasco 60 Ml
11210000155,Salsa Tabasco Rojo 150 Cc
11210007253,Salsa Tabasco Garlic 60 Ml
11210007352,Salsa Tabasco Garlic 150 Cc
11210007703,Salsa Chipotle en Botella Tabasco 150 Cc
11210009219,Salsa Tabasco Mild 150 Cc
11210009387,Salsa Picante Mild Tabasco 60 Ml
11210009530,Salsa Mild Jalapeño en Frasco Tabasco 60 Cc
11210607033,Salsa Picante Chipotte Tabasco 60 Ml
13000000758,Ketchup Rocket Up Side Down Heinz 397 Gr
13000001151,Ketchup Heinz 397 Gr
13000001243,Ketchup en Pomo Heinz 397 Gr
13000002127,Mostaza Heinz 397 Gr
13000006408,Ketchup en Pomo Heinz 567 Gr
13000007993,Ketchup Reduced Sugar Heinz 397 Gr
13000008976,Ketchup sin Sal Heinz 397 Gr
13000008990,Ketchup Organic Heinz 397 Gr
15700050026,Chocolate en Polvo con Marshmallow Swiss Miss 280 Gr
15700055786,Chocolate en Polvo Marshmallow Lovers Swiss Miss 272 Gr
16000264601,Barra de Cereal Avena Miel Nature Valley 6 Un
16000277076,Barra de Cereal con Mani Caja Nature Valley 210 Gr
16000289208,Barra de Cereal Almendras Tostadas Nature Valley 6 Un
16000407619,Barra de Cereal Chocolate Frutos Secos Nature Valley 6 Un
16000411265,Barra de Cereal Variedad Nature Valley 6 Un
16000413146,Barra de Cereal Avena y Chocolate Nature Valley 6 Un
16000439801,Barra de Cereal con Frutilla y Frutos Seco Nature Valley 6 Un
16000457249,Barra Cereal Protein Caja Nature Valley 201 Gr
18200004735,Cerveza en Lata Budweiser 473 Cc
18200112461,Cerveza Porron Budweiser 355 Ml
19582392236,Salsa Barbacoa Ahumado Botella Bulls Eye 510 Gr
19582411104,Salsa Barbacoa Original Bulls Eye 510 Gr
20800307642,Desodorante en Barra Fresh Old Spice 50 Gr
20800722452,Desodorante en Barra Old Spice After Party 50 Gr
21000026784,Mayonesa con Oliva Kraft 625 Gr
21000052288,Salsa Barbacoa Original Bulls Eye 510 Gr
21000052295,Salsa Barbacoa Hickory Bull s Eye 510 Gr
21000052387,Barbacoa Sweet Kraft 510 Gr
21000500000,Bocado Fino Especial 1 Kg
21001800000,Pata de Carnero Especial 1 Kg
21030200000,Panceta Salada Envasada San Antonio 1 Kg
21055500000,Hamburguesas de Pescado 1 Kg
21066700000,Nuggets Pollo 1 Kg
21200375200,Rodillo Quita Pelusa Scotch Brite 1 Un
21200495991,Rodillo Quitapelusa Scotch Brite Mini 1 Un
21200510014,Guantes de Cocina Tamaño S 1 Un
21200510021,Guantes de Cocina Tamaño M 1 Un
21200510038,Guantes de Cocina Tamaño L 1 Un
21200510045,Guante Multiusos Talle S 2 Un
21200510052,Guantes Multiuso Medianos Scotch Brite 2 Un
21200510069,Guantes Multiusos Tamaño L Scotch 1 Un
21893407851,Bolsa para Residuos 45x60 Cm Green Plast 30 Un
21893407868,Bolsa Consorcio Green Plast 60x90 Cm Green Plast 10 Un
21893407875,Bolsa Consorcio 80x110 Cm Green Plast 10 Un
22000001719,Chicles Sabor Menta Spearmint Wrigleys 5 Un
22000001726,Chicles Sabor Menta Doublemint Wrigleys 5 Un
22000018465,Caramelos Masticables Skittles Original 61 Gr
22000018489,Caramelos Masticables Wild Berry Skittles 61.5 Gr
22000116710,Chicles Spearmint 5 Sticks Wrigleys 45 Gr
22000116727,Chicles Doublemint Wrigleys 45 Gr
22033000000,Vigilante de Manteca 1 Un
22071000000,Medialuna de Manteca 1 Un
22400000305,Shampoo Normal Vo5 444 Ml
22400000565,Shampoo Humectacion Intensiva Vo5 444 Cc
22400000657,Shampoo Cabello Graso Equilibrante Vo5 444 Ml
22400190259,Shampoo Brillo Extremo Vo5 444 Ml
22400194721,Shampoo Fortificado Vo5 440 Ml
22400197029,Acondicionador Brillo Extremo Revitalizante Vo5 444 Ml
22400197036,Acondicionador Suavidad Extra Vo5 440 Ml
22400197531,Acondicionador Humectacion Intensa Vo5 444 Ml
22400198903,Acondicionador para Cabello Graso Vo5 444 Ml
22400198910,Acondicionador Fortificante Vo5 444 Ml
22400210254,Mousse Acondicionador Max Fijacion sin Alcohol Vo5 198 Gr
22400210261,Fijador en Aerosol Extra Body Aerosol Vo5 198 Gr
22400340074,Shampoo Limpieza Profunda Vo5 444 Ml
22400341071,Acondicionador Limpieza Profunda Vo5 444 Ml
22400621814,Spray para Peinar Tresemme Thermal Creations 236 Ml
22400621821,Mousse para Cabello Tresemme Thermal Creations 202 Gr
22400624235,Shampoo Tresemme Thermal Recovery 739 Ml
23008700000,Jamon Cocido Piamontesa 1 Kg
23015700000,Panceta Arrollada Piamontesa 1 Kg
23016000000,Queso de Cerdo Piamontesa 1 Kg
23038400000,Queso Cremoso Pilarcito 1 Kg
23062300000,Queso Cremoso 1 Kg
23069400000,Salame Milan Feteado Champion 1 Kg
23084700000,Aceitunas Negras Vanoli 1 Kg
23092000000,Jamon Cocido Bocatti 1 Kg
24003100000,Calabaza 1 Kg
24014300000,Zanahoria 1 Kg
24018500000,Papa Cepillada 1 Kg
24023900000,Perejil 1 Un
24085900000,Pimiento Amarillo 1 Kg
24223000319,Ron Santa Teresa 700 Cc
24223300150,Ron Selecto 10 Años Santa Teresa 700 Cc
25700712008,Bolsa para Llevar Chica Ziploc 14 Un
26964177190,Ron Oro Flor de Caña 750 Cc
26964823967,Ron Centenario 12 Años Flor de Caña 750 Cc
26964852745,Ron Añejo 7 Años Flor de Caña 750 Cc
26964904291,Ron Blanco Flor de Caña 750 Cc
27000382462,Ketchup Hunts 380 Gr
27000382493,Ketchup Botella Hunts 680 Gr
27000500019,Salsa de Tomate Zesty Spicy Hunts 680 Gr
27000500040,Salsa de Vegetales Chunky Hunts 680 Gr
27000500064,Salsa de Tomate Tradicional Hunt 680 Gr
27000500071,Salsa de Tomate con Hongos Hunts 680 Gr
27000500101,Salsa Cuatro Quesos Hunts 680 Gr
27000500118,Salsa de Tomate con Hierbas Hunts 680 Gr
27000609019,Salsa Barbacoa Original Hunts 510 Gr
27000609040,Salsa Barbacoa Ahumada Hunts 510 Gr
27000609057,Salsa Barbacoa con Miel Hunts 510 Gr
27000609064,Salsa Barbacoa con Miel y Mostaza Hunts 510 Gr
29000012585,Peanuts Salted Planters 170 Gr
29000072732,Mantequilla de Mani Kraft 340 Gr
30521011933,Toallitas Desmaquillantes para Piel Seca Pond's 30 Un
34000000074,Pastillas Ice Breakers Cool Mint Hersheys 42 Gr
34000009954,Pastillas Ice Breakers Mix Berry Hersheys 42 Gr
35000689610,Cepillo Dental Colgate Max White 4 Un
36000167900,Toallitas Humedas One & Done Huggies 64 Un
36000180855,Pañal XXG Good Nites 9 Un
36000393507,Trajes de Baño Bebe Pequeño Huggies Little Swimmers 12 Un
36000393521,Trajes de Baño Bebe Mediano Huggies Little Swimmers 11 Un
36000393538,Trajes de Baño Bebe Grande Huggies Little Swimmers 10 Un
36000456097,Pañal M Unisex Goodnites 4 Un
36000456103,Pañal G Unisex Goodnites 4 Un
37000006619,Esponja Mr Clean 1 Un
37000018704,Quitamanchas Instantaneo Tide To Go 1 Un
37000096146,Antitraspirante Powder Clinical Secreet 45 Gr
37000096153,Desodorante en Crema Clinical Lightyfresh Secret 45 Gr
37000138754,Detergente Liquido Original 16 Lavadas Tide 1 Un
37000185086,Papas Fritas Original Pringles 37 Gr
37000185192,Papas Fritas Queso Cheddar Pringles 71 Gr
37000208266,Detergente Liquido Dreft 1.47 Lt
37000355106,Suavizante para Ropa April Fresh Downy 189 Cc
37000401520,Lavavajilla Cascade 2.12 Kg
37000425489,Suavizante para Ropa April Fres Downy 295 Cc
37000505853,Pañal 6 Splashers Pampers 21 Un
37000808046,Desodorante en Barra 48 Hs Protecting Power Secret 73 Gr
37000808190,Desodorante Femenino en Gel Protec Secret 73 Gr
37000808220,Desodorante Femenino en Gel Clean Secret 73 Gr
37000823049,Aromatizante para Ropa Unstopables Fresh Downy 275 Gr
37000834656,Suavizante Concentrado para Ropa Downy 1 Un
37000874720,Jabon Liquido Ropa Plus Concentrado Tide 1.36 Lt
37000875154,Jabon Liquido En Botella Tide Sport 1.36 Lt
37000964414,Jabon Liquido Capsula 3 en 1 Pods Ariel 16 Un
37000977070,Tabletas para Lavavajillas Limon Cascade 11 Un
38000184963,Papas Fritas Original Pringles 124 Gr
38000184970,Papas Fritas Crema y Cebolla Pringles 137 Gr
38000185014,Papas Fritas Queso Pringles 137 Gr
38000185069,Papas Fritas Barbacoa Pringles 160 Gr
38000185083,Papas Fritas Pizza Pringles 124 Gr
38000185199,Papas Fritas Sabor Jamon Pringles 124 Gr
38000187384,Papas Frita Queso Futbol Pringles 149 Gr
38000187391,Papas Fritas Crema y Cebolla Futbol Pringles 149 Gr
38000187407,Papas Frita Original Futbol Pringles 149 Gr
38000845246,Papas Fritas Sabor Original Pringles 67 Gr
38000845253,Papas Fritas Crema y Cebolla Pringles 71 Gr
38000845260,Papas Fritas Queso Pringles 71 Gr
38000846731,Papas Fritas Original Pringles 37 Gr
38000846748,Papas Fritas Cebolla Pringles 40 Gr
38000846755,Papas Fritas Queso Pringles 40 Gr
39047011496,Galletitas Sabor Chocolate con Chips Walkers 125 Gr
39153300101,Colavita Grilled Artichokes 120 Gr
39153413559,Balsamico Glace Colavita 250 Ml
40000000518,Caramelos Masticables Starb 58.7 Gr
40000001607,Caramelos Original Skittles 61.5 Gr
40000001621,Caramelos Acidos Confitados Skittles 61.5 Gr
40000001638,Caramelos Confitados Tropical Skittles 61.5 Gr
40000017318,Confites de Chocolate M&M 150 Gr
40000017325,Mani con Chocolate M&M 150 Gr
40232846359,Agua Mineral Alvura 500 Cc
40232846373,Agua Mineral sin Gas Alvura 1.5 Lt
40232846397,Agua Mineral sin Gas Alvura 2.25 Lt
40232920318,Agua Mineral sin Gas Alvura 6 Lt
40232934605,Jugo de Arandano y Zarzamora sin Azucar 1.25 Lt
40232934933,Mermelada de Multifruta Starberry 450 Gr
41390000010,Salsa de Soja Kikkoman 148 Cc
41500750903,Mostaza Clasica Frenchs 226 Gr
41500767376,Salsa Inglesa Botella Frenchs 147 Gr
41500888156,Salsa Picante Frenchs 148 Ml
41554198522,Lapiz Labial Sensasional 635 Maybelline 1 Un
41554220186,Delineador de Ojo Maybelline Studio Last 3 Gr
41554238723,Base de Maquillaje Liquida Fit Me Buff Maybelline 30 Ml
41554247732,Corrector de Ojeras Maybelline 6.8 Ml
41554259247,Corrector de Ojeras Maybelline 1 Un
41554259261,Corrector de Ojeras Maybelline 1 Un
41554408850,Sombra Maybelline Ojos 1 Un
41554429886,Lapiz Labial Creamy Matte Maybelline 1 Un
41554429916,Lapiz Labial Ravishing Rose Maybelline 1 Un
41554429923,Lapiz Labial Maybelline Creamy Matte 1 Un
41554429954,Lapiz Labial Maybelline Creamy Matte 1 Un
41554429961,Lapiz Labial Maybelline Creamy Matte 1 Un
41554443493,Mascara para Pestañas Maybelline Falsies 2 Gr
41570006726,Almendras con Ahumadas Blue Diamond 150 Gr
41570035191,Almendras Tostadas Saladas Blue Diamond 150 Gr
41570071731,Almendras Tostadas Saladas con Miel Blue Diamond 150 Gr
